time in s,CH2 in V
-500.0000E-6,317.0E-3
-500.0000E-6,917.0E-3
-499.0000E-6,317.0E-3
-499.0000E-6,717.0E-3
-498.0000E-6,317.0E-3
-498.0000E-6,717.0E-3
-497.0000E-6,317.0E-3
-497.0000E-6,917.0E-3
-496.0000E-6,117.0E-3
-496.0000E-6,717.0E-3
-495.0000E-6,317.0E-3
-495.0000E-6,717.0E-3
-493.9999E-6,317.0E-3
-493.9999E-6,917.0E-3
-492.9999E-6,317.0E-3
-492.9999E-6,717.0E-3
-491.9999E-6,317.0E-3
-491.9999E-6,917.0E-3
-490.9999E-6,117.0E-3
-490.9999E-6,717.0E-3
-489.9999E-6,317.0E-3
-489.9999E-6,917.0E-3
-488.9999E-6,317.0E-3
-488.9999E-6,717.0E-3
-487.9999E-6,117.0E-3
-487.9999E-6,717.0E-3
-486.9999E-6,317.0E-3
-486.9999E-6,717.0E-3
-485.9999E-6,317.0E-3
-485.9999E-6,717.0E-3
-484.9999E-6,317.0E-3
-484.9999E-6,717.0E-3
-483.9999E-6,317.0E-3
-483.9999E-6,717.0E-3
-482.9999E-6,317.0E-3
-482.9999E-6,717.0E-3
-481.9999E-6,317.0E-3
-481.9999E-6,717.0E-3
-480.9998E-6,317.0E-3
-480.9998E-6,717.0E-3
-479.9998E-6,317.0E-3
-479.9998E-6,717.0E-3
-478.9998E-6,317.0E-3
-478.9998E-6,717.0E-3
-477.9998E-6,317.0E-3
-477.9998E-6,717.0E-3
-476.9998E-6,317.0E-3
-476.9998E-6,717.0E-3
-475.9998E-6,317.0E-3
-475.9998E-6,717.0E-3
-474.9998E-6,317.0E-3
-474.9998E-6,717.0E-3
-473.9998E-6,317.0E-3
-473.9998E-6,717.0E-3
-472.9998E-6,317.0E-3
-472.9998E-6,717.0E-3
-471.9998E-6,117.0E-3
-471.9998E-6,717.0E-3
-470.9998E-6,317.0E-3
-470.9998E-6,717.0E-3
-469.9998E-6,317.0E-3
-469.9998E-6,917.0E-3
-468.9998E-6,117.0E-3
-468.9998E-6,717.0E-3
-467.9997E-6,317.0E-3
-467.9997E-6,717.0E-3
-466.9997E-6,317.0E-3
-466.9997E-6,717.0E-3
-465.9997E-6,317.0E-3
-465.9997E-6,717.0E-3
-464.9997E-6,317.0E-3
-464.9997E-6,717.0E-3
-463.9997E-6,317.0E-3
-463.9997E-6,917.0E-3
-462.9997E-6,317.0E-3
-462.9997E-6,717.0E-3
-461.9997E-6,317.0E-3
-461.9997E-6,717.0E-3
-460.9997E-6,-9.683
-460.9997E-6,717.0E-3
-459.9997E-6,-9.483
-459.9997E-6,-8.883
-458.9997E-6,-9.483
-458.9997E-6,-8.883
-457.9997E-6,-9.283
-457.9997E-6,-8.883
-456.9997E-6,-9.283
-456.9997E-6,-8.683
-455.9997E-6,-9.283
-455.9997E-6,-8.683
-454.9996E-6,-9.083
-454.9996E-6,-8.483
-453.9996E-6,-9.083
-453.9996E-6,-8.483
-452.9996E-6,-8.883
-452.9996E-6,-8.483
-451.9996E-6,-8.883
-451.9996E-6,-8.283
-450.9996E-6,-8.683
-450.9996E-6,-8.283
-449.9996E-6,-8.683
-449.9996E-6,-8.083
-448.9996E-6,-8.483
-448.9996E-6,-8.083
-447.9996E-6,-8.683
-447.9996E-6,-7.883
-446.9996E-6,-8.483
-446.9996E-6,-7.883
-445.9996E-6,-8.283
-445.9996E-6,-7.683
-444.9996E-6,-8.283
-444.9996E-6,-7.683
-443.9996E-6,-8.283
-443.9996E-6,-7.683
-442.9996E-6,-8.083
-442.9996E-6,-7.483
-441.9995E-6,-8.083
-441.9995E-6,-7.483
-440.9995E-6,-7.883
-440.9995E-6,-7.483
-439.9995E-6,-7.883
-439.9995E-6,-7.283
-438.9995E-6,-7.683
-438.9995E-6,-7.083
-437.9995E-6,-7.683
-437.9995E-6,-7.083
-436.9995E-6,-7.683
-436.9995E-6,-7.083
-435.9995E-6,-7.683
-435.9995E-6,-7.083
-434.9995E-6,-7.483
-434.9995E-6,-6.883
-433.9995E-6,-7.483
-433.9995E-6,-6.883
-433.0000E-6,-7.283
-433.0000E-6,-6.883
-432.0000E-6,-7.283
-432.0000E-6,-6.683
-431.0000E-6,-7.083
-431.0000E-6,-6.483
-430.0000E-6,-7.083
-430.0000E-6,-6.683
-429.0000E-6,-7.083
-429.0000E-6,-6.483
-428.0000E-6,-6.883
-428.0000E-6,-6.483
-427.0000E-6,-6.883
-427.0000E-6,-6.283
-426.0000E-6,-6.683
-426.0000E-6,-6.283
-424.9999E-6,-6.683
-424.9999E-6,-6.083
-423.9999E-6,-6.683
-423.9999E-6,-6.083
-422.9999E-6,-6.683
-422.9999E-6,-6.083
-421.9999E-6,-6.483
-421.9999E-6,-5.883
-420.9999E-6,-6.483
-420.9999E-6,-5.883
-419.9999E-6,-6.283
-419.9999E-6,-5.883
-418.9999E-6,-6.283
-418.9999E-6,-5.683
-417.9999E-6,-6.283
-417.9999E-6,-5.683
-416.9999E-6,-6.083
-416.9999E-6,-5.683
-415.9999E-6,-6.083
-415.9999E-6,-5.483
-414.9999E-6,-5.883
-414.9999E-6,-5.483
-413.9998E-6,-5.883
-413.9998E-6,-5.283
-412.9998E-6,-5.883
-412.9998E-6,-5.283
-411.9998E-6,-5.683
-411.9998E-6,-5.283
-410.9998E-6,-5.683
-410.9998E-6,-5.083
-409.9998E-6,-5.683
-409.9998E-6,-5.083
-408.9998E-6,-5.483
-408.9998E-6,-4.883
-407.9998E-6,-5.483
-407.9998E-6,-4.883
-406.9998E-6,-5.483
-406.9998E-6,-4.883
-405.9998E-6,-5.483
-405.9998E-6,-4.883
-404.9998E-6,-5.283
-404.9998E-6,-4.683
-403.9998E-6,-5.283
-403.9998E-6,-4.683
-402.9998E-6,-5.283
-402.9998E-6,-4.683
-401.9998E-6,-5.083
-401.9998E-6,-4.483
-400.9997E-6,-5.083
-400.9997E-6,-4.483
-399.9997E-6,-5.083
-399.9997E-6,-4.283
-398.9997E-6,-4.883
-398.9997E-6,-4.283
-397.9997E-6,-4.883
-397.9997E-6,-4.283
-396.9997E-6,-4.683
-396.9997E-6,-4.083
-395.9997E-6,-4.683
-395.9997E-6,-4.083
-394.9997E-6,-4.683
-394.9997E-6,-4.083
-393.9997E-6,-4.683
-393.9997E-6,-3.883
-392.9997E-6,-4.483
-392.9997E-6,-3.883
-391.9997E-6,-4.283
-391.9997E-6,-3.683
-390.9997E-6,-4.283
-390.9997E-6,-3.683
-389.9997E-6,-4.283
-389.9997E-6,-3.683
-388.9997E-6,-4.283
-388.9997E-6,-3.683
-387.9996E-6,-4.083
-387.9996E-6,-3.483
-386.9996E-6,-4.083
-386.9996E-6,-3.483
-385.9996E-6,-4.083
-385.9996E-6,-3.283
-384.9996E-6,-3.883
-384.9996E-6,-3.283
-383.9996E-6,-3.883
-383.9996E-6,-3.283
-382.9996E-6,-3.883
-382.9996E-6,-3.283
-381.9996E-6,-3.683
-381.9996E-6,-3.083
-380.9996E-6,-3.683
-380.9996E-6,-3.083
-379.9996E-6,-3.483
-379.9996E-6,-3.083
-378.9996E-6,-3.683
-378.9996E-6,-2.883
-377.9996E-6,-3.483
-377.9996E-6,-2.883
-376.9996E-6,-3.483
-376.9996E-6,-2.883
-375.9996E-6,-3.283
-375.9996E-6,-2.883
-374.9996E-6,-3.283
-374.9996E-6,-2.683
-373.9995E-6,-3.283
-373.9995E-6,-2.683
-372.9995E-6,-3.083
-372.9995E-6,-2.683
-371.9995E-6,-3.083
-371.9995E-6,-2.483
-370.9995E-6,-3.083
-370.9995E-6,-2.483
-369.9995E-6,-3.083
-369.9995E-6,-2.483
-368.9995E-6,-2.883
-368.9995E-6,-2.283
-367.9995E-6,-2.883
-367.9995E-6,-2.283
-366.9995E-6,-2.883
-366.9995E-6,-2.283
-365.9995E-6,-2.683
-365.9995E-6,-2.283
-364.9995E-6,-2.683
-364.9995E-6,-2.083
-363.9995E-6,-2.683
-363.9995E-6,-2.083
-362.9995E-6,-2.683
-362.9995E-6,-2.083
-362.0000E-6,-2.483
-362.0000E-6,-2.083
-361.0000E-6,-2.483
-361.0000E-6,-2.083
-360.0000E-6,-2.483
-360.0000E-6,-1.883
-359.0000E-6,-2.483
-359.0000E-6,-1.883
-357.9999E-6,-2.283
-357.9999E-6,-1.883
-356.9999E-6,-2.283
-356.9999E-6,-1.683
-355.9999E-6,-2.283
-355.9999E-6,-1.683
-354.9999E-6,-2.283
-354.9999E-6,-1.483
-353.9999E-6,-2.083
-353.9999E-6,-1.683
-352.9999E-6,-2.083
-352.9999E-6,-1.683
-351.9999E-6,-2.083
-351.9999E-6,-1.483
-350.9999E-6,-1.883
-350.9999E-6,-1.483
-349.9999E-6,-1.883
-349.9999E-6,-1.483
-348.9999E-6,-1.883
-348.9999E-6,-1.283
-347.9999E-6,-1.883
-347.9999E-6,-1.283
-346.9999E-6,-1.683
-346.9999E-6,-1.083
-345.9999E-6,-1.683
-345.9999E-6,-1.083
-344.9998E-6,-1.683
-344.9998E-6,-1.083
-343.9998E-6,-1.483
-343.9998E-6,-1.083
-342.9998E-6,-1.483
-342.9998E-6,-1.083
-341.9998E-6,-1.483
-341.9998E-6,-1.083
-340.9998E-6,-1.483
-340.9998E-6,-883.0E-3
-339.9998E-6,-1.483
-339.9998E-6,-883.0E-3
-338.9998E-6,-1.283
-338.9998E-6,-883.0E-3
-337.9998E-6,-1.283
-337.9998E-6,-883.0E-3
-336.9998E-6,-1.283
-336.9998E-6,-683.0E-3
-335.9998E-6,-1.283
-335.9998E-6,-683.0E-3
-334.9998E-6,-1.283
-334.9998E-6,-683.0E-3
-333.9998E-6,-1.083
-333.9998E-6,-483.0E-3
-332.9998E-6,-1.083
-332.9998E-6,-483.0E-3
-331.9997E-6,-1.083
-331.9997E-6,-483.0E-3
-330.9997E-6,-1.083
-330.9997E-6,-483.0E-3
-329.9997E-6,-883.0E-3
-329.9997E-6,-283.0E-3
-328.9997E-6,-883.0E-3
-328.9997E-6,-283.0E-3
-327.9997E-6,-883.0E-3
-327.9997E-6,-283.0E-3
-326.9997E-6,-883.0E-3
-326.9997E-6,-283.0E-3
-325.9997E-6,-683.0E-3
-325.9997E-6,-83.02E-3
-324.9997E-6,-683.0E-3
-324.9997E-6,-83.02E-3
-323.9997E-6,-683.0E-3
-323.9997E-6,-83.02E-3
-322.9997E-6,-683.0E-3
-322.9997E-6,-83.02E-3
-321.9997E-6,-483.0E-3
-321.9997E-6,117.0E-3
-320.9997E-6,-483.0E-3
-320.9997E-6,117.0E-3
-319.9997E-6,-483.0E-3
-319.9997E-6,117.0E-3
-318.9996E-6,-483.0E-3
-318.9996E-6,117.0E-3
-317.9996E-6,-283.0E-3
-317.9996E-6,317.0E-3
-316.9996E-6,-283.0E-3
-316.9996E-6,317.0E-3
-315.9996E-6,-283.0E-3
-315.9996E-6,317.0E-3
-314.9996E-6,-283.0E-3
-314.9996E-6,317.0E-3
-313.9996E-6,-83.02E-3
-313.9996E-6,317.0E-3
-312.9996E-6,-83.02E-3
-312.9996E-6,517.0E-3
-311.9996E-6,-83.02E-3
-311.9996E-6,517.0E-3
-310.9996E-6,-83.02E-3
-310.9996E-6,517.0E-3
-309.9996E-6,-83.02E-3
-309.9996E-6,517.0E-3
-308.9996E-6,117.0E-3
-308.9996E-6,717.0E-3
-307.9996E-6,117.0E-3
-307.9996E-6,517.0E-3
-306.9996E-6,117.0E-3
-306.9996E-6,717.0E-3
-305.9995E-6,317.0E-3
-305.9995E-6,917.0E-3
-304.9995E-6,317.0E-3
-304.9995E-6,917.0E-3
-303.9995E-6,317.0E-3
-303.9995E-6,917.0E-3
-302.9995E-6,317.0E-3
-302.9995E-6,917.0E-3
-301.9995E-6,317.0E-3
-301.9995E-6,917.0E-3
-300.9995E-6,317.0E-3
-300.9995E-6,917.0E-3
-299.9995E-6,317.0E-3
-299.9995E-6,917.0E-3
-298.9995E-6,317.0E-3
-298.9995E-6,917.0E-3
-297.9995E-6,317.0E-3
-297.9995E-6,917.0E-3
-296.9995E-6,317.0E-3
-296.9995E-6,917.0E-3
-296.0000E-6,317.0E-3
-296.0000E-6,917.0E-3
-295.0000E-6,117.0E-3
-295.0000E-6,917.0E-3
-294.0000E-6,317.0E-3
-294.0000E-6,717.0E-3
-293.0000E-6,317.0E-3
-293.0000E-6,917.0E-3
-292.0000E-6,317.0E-3
-292.0000E-6,717.0E-3
-291.0000E-6,317.0E-3
-291.0000E-6,717.0E-3
-290.0000E-6,317.0E-3
-290.0000E-6,917.0E-3
-288.9999E-6,317.0E-3
-288.9999E-6,917.0E-3
-287.9999E-6,317.0E-3
-287.9999E-6,917.0E-3
-286.9999E-6,317.0E-3
-286.9999E-6,917.0E-3
-285.9999E-6,317.0E-3
-285.9999E-6,717.0E-3
-284.9999E-6,317.0E-3
-284.9999E-6,717.0E-3
-283.9999E-6,117.0E-3
-283.9999E-6,717.0E-3
-282.9999E-6,317.0E-3
-282.9999E-6,917.0E-3
-281.9999E-6,317.0E-3
-281.9999E-6,917.0E-3
-280.9999E-6,317.0E-3
-280.9999E-6,717.0E-3
-279.9999E-6,317.0E-3
-279.9999E-6,917.0E-3
-278.9999E-6,317.0E-3
-278.9999E-6,917.0E-3
-277.9999E-6,317.0E-3
-277.9999E-6,717.0E-3
-276.9999E-6,317.0E-3
-276.9999E-6,917.0E-3
-275.9998E-6,317.0E-3
-275.9998E-6,717.0E-3
-274.9998E-6,317.0E-3
-274.9998E-6,717.0E-3
-273.9998E-6,317.0E-3
-273.9998E-6,717.0E-3
-272.9998E-6,317.0E-3
-272.9998E-6,717.0E-3
-271.9998E-6,317.0E-3
-271.9998E-6,717.0E-3
-270.9998E-6,117.0E-3
-270.9998E-6,717.0E-3
-269.9998E-6,317.0E-3
-269.9998E-6,717.0E-3
-268.9998E-6,317.0E-3
-268.9998E-6,917.0E-3
-267.9998E-6,117.0E-3
-267.9998E-6,717.0E-3
-266.9998E-6,317.0E-3
-266.9998E-6,717.0E-3
-265.9998E-6,117.0E-3
-265.9998E-6,717.0E-3
-264.9998E-6,317.0E-3
-264.9998E-6,717.0E-3
-263.9998E-6,317.0E-3
-263.9998E-6,717.0E-3
-262.9997E-6,317.0E-3
-262.9997E-6,717.0E-3
-261.9997E-6,317.0E-3
-261.9997E-6,717.0E-3
-260.9997E-6,317.0E-3
-260.9997E-6,717.0E-3
-259.9997E-6,317.0E-3
-259.9997E-6,917.0E-3
-258.9997E-6,317.0E-3
-258.9997E-6,917.0E-3
-257.9997E-6,317.0E-3
-257.9997E-6,717.0E-3
-256.9997E-6,317.0E-3
-256.9997E-6,917.0E-3
-255.9997E-6,117.0E-3
-255.9997E-6,717.0E-3
-254.9997E-6,317.0E-3
-254.9997E-6,717.0E-3
-253.9997E-6,117.0E-3
-253.9997E-6,717.0E-3
-252.9997E-6,317.0E-3
-252.9997E-6,917.0E-3
-251.9997E-6,117.0E-3
-251.9997E-6,717.0E-3
-250.9997E-6,317.0E-3
-250.9997E-6,717.0E-3
-249.9996E-6,317.0E-3
-249.9996E-6,717.0E-3
-248.9996E-6,317.0E-3
-248.9996E-6,917.0E-3
-247.9996E-6,317.0E-3
-247.9996E-6,717.0E-3
-246.9996E-6,317.0E-3
-246.9996E-6,717.0E-3
-245.9996E-6,317.0E-3
-245.9996E-6,917.0E-3
-244.9996E-6,317.0E-3
-244.9996E-6,717.0E-3
-243.9996E-6,317.0E-3
-243.9996E-6,717.0E-3
-242.9996E-6,117.0E-3
-242.9996E-6,917.0E-3
-241.9996E-6,317.0E-3
-241.9996E-6,717.0E-3
-240.9996E-6,317.0E-3
-240.9996E-6,717.0E-3
-239.9996E-6,317.0E-3
-239.9996E-6,717.0E-3
-238.9996E-6,317.0E-3
-238.9996E-6,717.0E-3
-237.9997E-6,317.0E-3
-237.9997E-6,717.0E-3
-236.9997E-6,317.0E-3
-236.9997E-6,717.0E-3
-235.9997E-6,117.0E-3
-235.9997E-6,717.0E-3
-234.9997E-6,117.0E-3
-234.9997E-6,917.0E-3
-233.9997E-6,317.0E-3
-233.9997E-6,917.0E-3
-232.9997E-6,317.0E-3
-232.9997E-6,717.0E-3
-231.9997E-6,317.0E-3
-231.9997E-6,717.0E-3
-231.0000E-6,317.0E-3
-231.0000E-6,717.0E-3
-230.0000E-6,317.0E-3
-230.0000E-6,717.0E-3
-229.0000E-6,317.0E-3
-229.0000E-6,917.0E-3
-228.0000E-6,317.0E-3
-228.0000E-6,717.0E-3
-227.0000E-6,317.0E-3
-227.0000E-6,717.0E-3
-226.0000E-6,317.0E-3
-226.0000E-6,717.0E-3
-225.0000E-6,317.0E-3
-225.0000E-6,917.0E-3
-224.0000E-6,117.0E-3
-224.0000E-6,717.0E-3
-223.0001E-6,317.0E-3
-223.0001E-6,717.0E-3
-222.0001E-6,117.0E-3
-222.0001E-6,717.0E-3
-221.0001E-6,317.0E-3
-221.0001E-6,717.0E-3
-220.0001E-6,117.0E-3
-220.0001E-6,717.0E-3
-219.0001E-6,317.0E-3
-219.0001E-6,717.0E-3
-218.0001E-6,317.0E-3
-218.0001E-6,717.0E-3
-217.0001E-6,317.0E-3
-217.0001E-6,717.0E-3
-216.0001E-6,317.0E-3
-216.0001E-6,917.0E-3
-215.0001E-6,317.0E-3
-215.0001E-6,717.0E-3
-214.0001E-6,317.0E-3
-214.0001E-6,717.0E-3
-213.0001E-6,317.0E-3
-213.0001E-6,717.0E-3
-212.0001E-6,317.0E-3
-212.0001E-6,917.0E-3
-211.0001E-6,317.0E-3
-211.0001E-6,717.0E-3
-210.0001E-6,317.0E-3
-210.0001E-6,717.0E-3
-209.0001E-6,317.0E-3
-209.0001E-6,717.0E-3
-208.0001E-6,317.0E-3
-208.0001E-6,917.0E-3
-207.0002E-6,317.0E-3
-207.0002E-6,717.0E-3
-206.0002E-6,317.0E-3
-206.0002E-6,717.0E-3
-205.0002E-6,317.0E-3
-205.0002E-6,717.0E-3
-204.0002E-6,317.0E-3
-204.0002E-6,717.0E-3
-203.0002E-6,317.0E-3
-203.0002E-6,717.0E-3
-202.0002E-6,317.0E-3
-202.0002E-6,717.0E-3
-201.0002E-6,317.0E-3
-201.0002E-6,917.0E-3
-200.0002E-6,117.0E-3
-200.0002E-6,717.0E-3
-199.0002E-6,317.0E-3
-199.0002E-6,717.0E-3
-198.0002E-6,317.0E-3
-198.0002E-6,717.0E-3
-197.0002E-6,317.0E-3
-197.0002E-6,717.0E-3
-196.0002E-6,317.0E-3
-196.0002E-6,717.0E-3
-195.0002E-6,117.0E-3
-195.0002E-6,717.0E-3
-194.0002E-6,317.0E-3
-194.0002E-6,917.0E-3
-193.0003E-6,117.0E-3
-193.0003E-6,717.0E-3
-192.0003E-6,317.0E-3
-192.0003E-6,717.0E-3
-191.0003E-6,317.0E-3
-191.0003E-6,717.0E-3
-190.0003E-6,317.0E-3
-190.0003E-6,717.0E-3
-189.0003E-6,317.0E-3
-189.0003E-6,917.0E-3
-188.0003E-6,317.0E-3
-188.0003E-6,717.0E-3
-187.0003E-6,117.0E-3
-187.0003E-6,717.0E-3
-186.0003E-6,317.0E-3
-186.0003E-6,717.0E-3
-185.0003E-6,317.0E-3
-185.0003E-6,717.0E-3
-184.0003E-6,117.0E-3
-184.0003E-6,717.0E-3
-183.0003E-6,317.0E-3
-183.0003E-6,717.0E-3
-182.0003E-6,317.0E-3
-182.0003E-6,717.0E-3
-181.0003E-6,317.0E-3
-181.0003E-6,717.0E-3
-180.0003E-6,317.0E-3
-180.0003E-6,717.0E-3
-179.0004E-6,117.0E-3
-179.0004E-6,717.0E-3
-178.0004E-6,117.0E-3
-178.0004E-6,717.0E-3
-177.0004E-6,117.0E-3
-177.0004E-6,717.0E-3
-176.0004E-6,117.0E-3
-176.0004E-6,717.0E-3
-175.0004E-6,117.0E-3
-175.0004E-6,717.0E-3
-174.0004E-6,317.0E-3
-174.0004E-6,917.0E-3
-173.0004E-6,317.0E-3
-173.0004E-6,917.0E-3
-172.0004E-6,317.0E-3
-172.0004E-6,717.0E-3
-171.0004E-6,317.0E-3
-171.0004E-6,717.0E-3
-170.0004E-6,317.0E-3
-170.0004E-6,717.0E-3
-169.0004E-6,317.0E-3
-169.0004E-6,717.0E-3
-168.0004E-6,117.0E-3
-168.0004E-6,717.0E-3
-167.0004E-6,317.0E-3
-167.0004E-6,717.0E-3
-166.0000E-6,317.0E-3
-166.0000E-6,717.0E-3
-165.0000E-6,317.0E-3
-165.0000E-6,717.0E-3
-164.0000E-6,117.0E-3
-164.0000E-6,717.0E-3
-163.0000E-6,317.0E-3
-163.0000E-6,717.0E-3
-162.0000E-6,317.0E-3
-162.0000E-6,717.0E-3
-161.0001E-6,117.0E-3
-161.0001E-6,717.0E-3
-160.0001E-6,317.0E-3
-160.0001E-6,717.0E-3
-159.0001E-6,117.0E-3
-159.0001E-6,917.0E-3
-158.0001E-6,117.0E-3
-158.0001E-6,917.0E-3
-157.0001E-6,317.0E-3
-157.0001E-6,717.0E-3
-156.0001E-6,317.0E-3
-156.0001E-6,717.0E-3
-155.0001E-6,-9.683
-155.0001E-6,717.0E-3
-154.0001E-6,-9.483
-154.0001E-6,-9.083
-153.0001E-6,-9.483
-153.0001E-6,-8.883
-152.0001E-6,-9.283
-152.0001E-6,-8.883
-151.0001E-6,-9.283
-151.0001E-6,-8.683
-150.0001E-6,-9.083
-150.0001E-6,-8.483
-149.0001E-6,-9.083
-149.0001E-6,-8.483
-148.0001E-6,-9.083
-148.0001E-6,-8.483
-147.0002E-6,-8.883
-147.0002E-6,-8.483
-146.0002E-6,-8.883
-146.0002E-6,-8.283
-145.0002E-6,-8.683
-145.0002E-6,-8.283
-144.0002E-6,-8.683
-144.0002E-6,-8.083
-143.0002E-6,-8.683
-143.0002E-6,-8.083
-142.0002E-6,-8.483
-142.0002E-6,-7.883
-141.0002E-6,-8.483
-141.0002E-6,-7.883
-140.0002E-6,-8.483
-140.0002E-6,-7.883
-139.0002E-6,-8.283
-139.0002E-6,-7.683
-138.0002E-6,-8.283
-138.0002E-6,-7.683
-137.0002E-6,-8.283
-137.0002E-6,-7.483
-136.0002E-6,-8.083
-136.0002E-6,-7.483
-135.0002E-6,-7.883
-135.0002E-6,-7.283
-134.0002E-6,-7.883
-134.0002E-6,-7.283
-133.0002E-6,-7.683
-133.0002E-6,-7.283
-132.0003E-6,-7.683
-132.0003E-6,-7.083
-131.0003E-6,-7.483
-131.0003E-6,-7.083
-130.0003E-6,-7.483
-130.0003E-6,-7.083
-129.0003E-6,-7.483
-129.0003E-6,-6.883
-128.0003E-6,-7.283
-128.0003E-6,-6.883
-127.0003E-6,-7.283
-127.0003E-6,-6.683
-126.0003E-6,-7.283
-126.0003E-6,-6.683
-125.0003E-6,-7.083
-125.0003E-6,-6.683
-124.0003E-6,-7.083
-124.0003E-6,-6.483
-123.0003E-6,-7.083
-123.0003E-6,-6.483
-122.0003E-6,-6.883
-122.0003E-6,-6.483
-121.0003E-6,-6.883
-121.0003E-6,-6.283
-120.0003E-6,-6.683
-120.0003E-6,-6.283
-119.0003E-6,-6.683
-119.0003E-6,-6.083
-118.0003E-6,-6.683
-118.0003E-6,-6.083
-117.0003E-6,-6.483
-117.0003E-6,-6.083
-116.0003E-6,-6.483
-116.0003E-6,-5.883
-115.0003E-6,-6.483
-115.0003E-6,-5.883
-114.0003E-6,-6.283
-114.0003E-6,-5.683
-113.0003E-6,-6.283
-113.0003E-6,-5.683
-112.0003E-6,-6.283
-112.0003E-6,-5.683
-111.0003E-6,-6.083
-111.0003E-6,-5.483
-110.0003E-6,-6.083
-110.0003E-6,-5.483
-109.0003E-6,-5.883
-109.0003E-6,-5.483
-108.0003E-6,-5.883
-108.0003E-6,-5.283
-107.0003E-6,-5.883
-107.0003E-6,-5.283
-106.0003E-6,-5.683
-106.0003E-6,-5.083
-105.0003E-6,-5.683
-105.0003E-6,-5.083
-104.0003E-6,-5.683
-104.0003E-6,-5.083
-103.0003E-6,-5.483
-103.0003E-6,-5.083
-102.0003E-6,-5.483
-102.0003E-6,-5.083
-101.0003E-6,-5.483
-101.0003E-6,-4.883
-100.0003E-6,-5.483
-100.0003E-6,-4.883
-99.00030E-6,-5.283
-99.00030E-6,-4.683
-98.00030E-6,-5.083
-98.00030E-6,-4.683
-97.00030E-6,-5.083
-97.00030E-6,-4.483
-96.00000E-6,-5.083
-96.00000E-6,-4.483
-95.00000E-6,-5.083
-95.00000E-6,-4.483
-94.00000E-6,-4.883
-94.00000E-6,-4.283
-93.00000E-6,-4.883
-93.00000E-6,-4.283
-92.00000E-6,-4.883
-92.00000E-6,-4.083
-91.00000E-6,-4.683
-91.00000E-6,-4.083
-90.00000E-6,-4.683
-90.00000E-6,-4.083
-89.00000E-6,-4.683
-89.00000E-6,-4.083
-88.00000E-6,-4.483
-88.00000E-6,-3.883
-87.00000E-6,-4.483
-87.00000E-6,-3.883
-86.00000E-6,-4.283
-86.00000E-6,-3.883
-85.00000E-6,-4.283
-85.00000E-6,-3.683
-84.00000E-6,-4.283
-84.00000E-6,-3.683
-83.00000E-6,-4.083
-83.00000E-6,-3.483
-82.00000E-6,-4.083
-82.00000E-6,-3.483
-81.00000E-6,-4.083
-81.00000E-6,-3.483
-80.00000E-6,-3.883
-80.00000E-6,-3.483
-79.00000E-6,-3.883
-79.00000E-6,-3.283
-78.00000E-6,-3.883
-78.00000E-6,-3.283
-77.00000E-6,-3.883
-77.00000E-6,-3.283
-76.00000E-6,-3.683
-76.00000E-6,-3.083
-75.00000E-6,-3.683
-75.00000E-6,-3.083
-74.00000E-6,-3.483
-74.00000E-6,-3.083
-73.00000E-6,-3.483
-73.00000E-6,-2.883
-72.00000E-6,-3.483
-72.00000E-6,-2.883
-71.00000E-6,-3.283
-71.00000E-6,-2.883
-70.00000E-6,-3.283
-70.00000E-6,-2.683
-69.00000E-6,-3.283
-69.00000E-6,-2.683
-68.00000E-6,-3.283
-68.00000E-6,-2.683
-66.99999E-6,-3.083
-66.99999E-6,-2.683
-65.99999E-6,-3.083
-65.99999E-6,-2.483
-64.99999E-6,-3.083
-64.99999E-6,-2.483
-63.99999E-6,-3.083
-63.99999E-6,-2.483
-62.99999E-6,-2.883
-62.99999E-6,-2.483
-61.99999E-6,-2.883
-61.99999E-6,-2.283
-60.99999E-6,-2.883
-60.99999E-6,-2.283
-59.99999E-6,-2.683
-59.99999E-6,-2.283
-58.99999E-6,-2.683
-58.99999E-6,-2.283
-57.99999E-6,-2.683
-57.99999E-6,-2.083
-56.99999E-6,-2.683
-56.99999E-6,-2.083
-55.99999E-6,-2.483
-55.99999E-6,-2.083
-54.99999E-6,-2.483
-54.99999E-6,-1.883
-53.99999E-6,-2.483
-53.99999E-6,-1.883
-52.99999E-6,-2.283
-52.99999E-6,-1.883
-51.99999E-6,-2.283
-51.99999E-6,-1.883
-50.99999E-6,-2.283
-50.99999E-6,-1.683
-49.99999E-6,-2.283
-49.99999E-6,-1.683
-48.99999E-6,-2.283
-48.99999E-6,-1.683
-47.99999E-6,-2.083
-47.99999E-6,-1.483
-46.99999E-6,-2.083
-46.99999E-6,-1.483
-45.99999E-6,-2.083
-45.99999E-6,-1.483
-44.99999E-6,-1.883
-44.99999E-6,-1.483
-43.99999E-6,-1.883
-43.99999E-6,-1.283
-42.99999E-6,-1.883
-42.99999E-6,-1.283
-41.99999E-6,-1.883
-41.99999E-6,-1.283
-40.99999E-6,-1.683
-40.99999E-6,-1.283
-39.99998E-6,-1.683
-39.99998E-6,-1.083
-38.99998E-6,-1.683
-38.99998E-6,-1.083
-37.99998E-6,-1.683
-37.99998E-6,-1.083
-36.99998E-6,-1.483
-36.99998E-6,-1.083
-35.99998E-6,-1.483
-35.99998E-6,-1.083
-34.99998E-6,-1.483
-34.99998E-6,-883.0E-3
-33.99998E-6,-1.483
-33.99998E-6,-883.0E-3
-32.99998E-6,-1.283
-32.99998E-6,-683.0E-3
-31.99998E-6,-1.283
-31.99998E-6,-683.0E-3
-30.99998E-6,-1.283
-30.99998E-6,-683.0E-3
-29.99998E-6,-1.083
-29.99998E-6,-683.0E-3
-28.99998E-6,-1.083
-28.99998E-6,-683.0E-3
-27.99998E-6,-1.083
-27.99998E-6,-483.0E-3
-26.99998E-6,-1.083
-26.99998E-6,-483.0E-3
-26.00002E-6,-1.083
-26.00002E-6,-483.0E-3
-25.00002E-6,-1.083
-25.00002E-6,-483.0E-3
-24.00002E-6,-883.0E-3
-24.00002E-6,-283.0E-3
-23.00002E-6,-883.0E-3
-23.00002E-6,-283.0E-3
-22.00002E-6,-883.0E-3
-22.00002E-6,-283.0E-3
-21.00002E-6,-683.0E-3
-21.00002E-6,-283.0E-3
-20.00002E-6,-683.0E-3
-20.00002E-6,-83.02E-3
-19.00002E-6,-683.0E-3
-19.00002E-6,-83.02E-3
-18.00002E-6,-683.0E-3
-18.00002E-6,-83.02E-3
-17.00002E-6,-683.0E-3
-17.00002E-6,-83.02E-3
-16.00002E-6,-483.0E-3
-16.00002E-6,117.0E-3
-15.00002E-6,-483.0E-3
-15.00002E-6,117.0E-3
-14.00002E-6,-483.0E-3
-14.00002E-6,117.0E-3
-13.00002E-6,-483.0E-3
-13.00002E-6,117.0E-3
-12.00002E-6,-483.0E-3
-12.00002E-6,117.0E-3
-11.00002E-6,-283.0E-3
-11.00002E-6,317.0E-3
-10.00002E-6,-283.0E-3
-10.00002E-6,317.0E-3
-9.000018E-6,-283.0E-3
-9.000018E-6,317.0E-3
-8.000017E-6,-283.0E-3
-8.000017E-6,317.0E-3
-7.000018E-6,-83.02E-3
-7.000018E-6,517.0E-3
-6.000018E-6,-83.02E-3
-6.000018E-6,517.0E-3
-5.000018E-6,-83.02E-3
-5.000018E-6,517.0E-3
-4.000018E-6,-83.02E-3
-4.000018E-6,517.0E-3
-3.000018E-6,117.0E-3
-3.000018E-6,717.0E-3
-2.000018E-6,117.0E-3
-2.000018E-6,517.0E-3
-1.000018E-6,117.0E-3
-1.000018E-6,917.0E-3
-18.18989E-12,317.0E-3
-18.18989E-12,917.0E-3
999.9818E-9,317.0E-3
999.9818E-9,917.0E-3
1.999982E-6,317.0E-3
1.999982E-6,917.0E-3
2.999982E-6,317.0E-3
2.999982E-6,917.0E-3
3.999981E-6,317.0E-3
3.999981E-6,917.0E-3
4.999981E-6,317.0E-3
4.999981E-6,917.0E-3
5.999981E-6,317.0E-3
5.999981E-6,917.0E-3
6.999981E-6,317.0E-3
6.999981E-6,917.0E-3
7.999981E-6,317.0E-3
7.999981E-6,917.0E-3
8.999982E-6,317.0E-3
8.999982E-6,717.0E-3
9.999982E-6,317.0E-3
9.999982E-6,917.0E-3
10.99998E-6,317.0E-3
10.99998E-6,917.0E-3
11.99998E-6,317.0E-3
11.99998E-6,917.0E-3
12.99998E-6,317.0E-3
12.99998E-6,717.0E-3
13.99998E-6,317.0E-3
13.99998E-6,917.0E-3
14.99998E-6,317.0E-3
14.99998E-6,917.0E-3
15.99998E-6,317.0E-3
15.99998E-6,917.0E-3
16.99998E-6,317.0E-3
16.99998E-6,917.0E-3
17.99998E-6,317.0E-3
17.99998E-6,917.0E-3
18.99998E-6,317.0E-3
18.99998E-6,917.0E-3
19.99999E-6,317.0E-3
19.99999E-6,717.0E-3
20.99999E-6,317.0E-3
20.99999E-6,917.0E-3
21.99999E-6,317.0E-3
21.99999E-6,917.0E-3
22.99999E-6,317.0E-3
22.99999E-6,917.0E-3
23.99999E-6,317.0E-3
23.99999E-6,917.0E-3
24.99999E-6,317.0E-3
24.99999E-6,917.0E-3
25.99999E-6,317.0E-3
25.99999E-6,917.0E-3
26.99999E-6,317.0E-3
26.99999E-6,917.0E-3
27.99999E-6,317.0E-3
27.99999E-6,717.0E-3
28.99999E-6,317.0E-3
28.99999E-6,717.0E-3
29.99999E-6,317.0E-3
29.99999E-6,717.0E-3
30.99999E-6,317.0E-3
30.99999E-6,717.0E-3
31.99999E-6,317.0E-3
31.99999E-6,717.0E-3
32.99999E-6,117.0E-3
32.99999E-6,917.0E-3
33.99999E-6,317.0E-3
33.99999E-6,717.0E-3
34.99999E-6,317.0E-3
34.99999E-6,717.0E-3
35.99999E-6,317.0E-3
35.99999E-6,917.0E-3
36.99999E-6,117.0E-3
36.99999E-6,717.0E-3
37.99999E-6,317.0E-3
37.99999E-6,917.0E-3
38.99999E-6,317.0E-3
38.99999E-6,717.0E-3
39.99996E-6,317.0E-3
39.99996E-6,917.0E-3
40.99996E-6,317.0E-3
40.99996E-6,717.0E-3
41.99996E-6,317.0E-3
41.99996E-6,917.0E-3
42.99996E-6,317.0E-3
42.99996E-6,717.0E-3
43.99996E-6,317.0E-3
43.99996E-6,717.0E-3
44.99996E-6,317.0E-3
44.99996E-6,717.0E-3
45.99996E-6,317.0E-3
45.99996E-6,717.0E-3
46.99996E-6,317.0E-3
46.99996E-6,717.0E-3
47.99996E-6,317.0E-3
47.99996E-6,717.0E-3
48.99996E-6,317.0E-3
48.99996E-6,717.0E-3
49.99996E-6,317.0E-3
49.99996E-6,917.0E-3
50.99996E-6,317.0E-3
50.99996E-6,717.0E-3
51.99996E-6,317.0E-3
51.99996E-6,717.0E-3
52.99996E-6,317.0E-3
52.99996E-6,917.0E-3
53.99996E-6,317.0E-3
53.99996E-6,717.0E-3
54.99996E-6,317.0E-3
54.99996E-6,717.0E-3
55.99996E-6,317.0E-3
55.99996E-6,717.0E-3
56.99996E-6,317.0E-3
56.99996E-6,717.0E-3
57.99996E-6,317.0E-3
57.99996E-6,717.0E-3
58.99996E-6,317.0E-3
58.99996E-6,717.0E-3
59.99996E-6,317.0E-3
59.99996E-6,917.0E-3
60.99996E-6,117.0E-3
60.99996E-6,717.0E-3
61.99996E-6,317.0E-3
61.99996E-6,717.0E-3
62.99996E-6,317.0E-3
62.99996E-6,717.0E-3
63.99996E-6,317.0E-3
63.99996E-6,717.0E-3
64.99996E-6,317.0E-3
64.99996E-6,717.0E-3
65.99997E-6,317.0E-3
65.99997E-6,917.0E-3
66.99997E-6,317.0E-3
66.99997E-6,917.0E-3
67.99997E-6,317.0E-3
67.99997E-6,717.0E-3
68.99997E-6,317.0E-3
68.99997E-6,717.0E-3
69.99997E-6,317.0E-3
69.99997E-6,917.0E-3
70.99997E-6,317.0E-3
70.99997E-6,717.0E-3
71.99997E-6,317.0E-3
71.99997E-6,717.0E-3
72.99997E-6,317.0E-3
72.99997E-6,717.0E-3
73.99997E-6,317.0E-3
73.99997E-6,717.0E-3
74.99997E-6,317.0E-3
74.99997E-6,717.0E-3
75.99997E-6,317.0E-3
75.99997E-6,717.0E-3
76.99997E-6,317.0E-3
76.99997E-6,717.0E-3
77.99997E-6,317.0E-3
77.99997E-6,717.0E-3
78.99997E-6,317.0E-3
78.99997E-6,717.0E-3
79.99997E-6,317.0E-3
79.99997E-6,717.0E-3
80.99997E-6,317.0E-3
80.99997E-6,717.0E-3
81.99997E-6,317.0E-3
81.99997E-6,717.0E-3
82.99997E-6,317.0E-3
82.99997E-6,717.0E-3
83.99998E-6,317.0E-3
83.99998E-6,717.0E-3
84.99998E-6,117.0E-3
84.99998E-6,717.0E-3
85.99998E-6,117.0E-3
85.99998E-6,717.0E-3
86.99998E-6,317.0E-3
86.99998E-6,717.0E-3
87.99998E-6,317.0E-3
87.99998E-6,917.0E-3
88.99998E-6,317.0E-3
88.99998E-6,717.0E-3
89.99998E-6,317.0E-3
89.99998E-6,717.0E-3
90.99998E-6,317.0E-3
90.99998E-6,717.0E-3
91.99998E-6,317.0E-3
91.99998E-6,717.0E-3
92.99998E-6,317.0E-3
92.99998E-6,717.0E-3
93.99998E-6,317.0E-3
93.99998E-6,717.0E-3
94.99998E-6,317.0E-3
94.99998E-6,917.0E-3
95.99998E-6,317.0E-3
95.99998E-6,717.0E-3
96.99998E-6,317.0E-3
96.99998E-6,717.0E-3
97.99998E-6,317.0E-3
97.99998E-6,917.0E-3
98.99998E-6,317.0E-3
98.99998E-6,717.0E-3
99.99998E-6,317.0E-3
99.99998E-6,717.0E-3
101.0000E-6,317.0E-3
101.0000E-6,717.0E-3
102.0000E-6,317.0E-3
102.0000E-6,917.0E-3
103.0000E-6,317.0E-3
103.0000E-6,717.0E-3
104.0000E-6,317.0E-3
104.0000E-6,717.0E-3
105.0000E-6,317.0E-3
105.0000E-6,717.0E-3
106.0000E-6,317.0E-3
106.0000E-6,717.0E-3
107.0000E-6,317.0E-3
107.0000E-6,917.0E-3
108.0000E-6,317.0E-3
108.0000E-6,717.0E-3
109.0000E-6,317.0E-3
109.0000E-6,917.0E-3
110.0000E-6,317.0E-3
110.0000E-6,717.0E-3
111.0000E-6,317.0E-3
111.0000E-6,717.0E-3
112.0000E-6,317.0E-3
112.0000E-6,717.0E-3
113.0000E-6,317.0E-3
113.0000E-6,717.0E-3
114.0000E-6,317.0E-3
114.0000E-6,717.0E-3
115.0000E-6,117.0E-3
115.0000E-6,717.0E-3
116.0000E-6,317.0E-3
116.0000E-6,717.0E-3
117.0000E-6,117.0E-3
117.0000E-6,717.0E-3
118.0000E-6,117.0E-3
118.0000E-6,917.0E-3
119.0000E-6,317.0E-3
119.0000E-6,717.0E-3
120.0000E-6,317.0E-3
120.0000E-6,917.0E-3
121.0000E-6,317.0E-3
121.0000E-6,717.0E-3
122.0000E-6,317.0E-3
122.0000E-6,717.0E-3
123.0000E-6,317.0E-3
123.0000E-6,717.0E-3
123.9999E-6,317.0E-3
123.9999E-6,917.0E-3
124.9999E-6,317.0E-3
124.9999E-6,717.0E-3
125.9999E-6,317.0E-3
125.9999E-6,717.0E-3
126.9999E-6,317.0E-3
126.9999E-6,717.0E-3
127.9999E-6,317.0E-3
127.9999E-6,717.0E-3
128.9999E-6,317.0E-3
128.9999E-6,917.0E-3
129.9999E-6,317.0E-3
129.9999E-6,917.0E-3
130.9999E-6,317.0E-3
130.9999E-6,717.0E-3
131.9999E-6,317.0E-3
131.9999E-6,717.0E-3
132.9999E-6,317.0E-3
132.9999E-6,917.0E-3
133.9999E-6,317.0E-3
133.9999E-6,717.0E-3
134.9999E-6,317.0E-3
134.9999E-6,717.0E-3
135.9999E-6,317.0E-3
135.9999E-6,917.0E-3
136.9999E-6,317.0E-3
136.9999E-6,717.0E-3
137.9998E-6,317.0E-3
137.9998E-6,717.0E-3
138.9998E-6,317.0E-3
138.9998E-6,717.0E-3
139.9998E-6,317.0E-3
139.9998E-6,917.0E-3
140.9998E-6,317.0E-3
140.9998E-6,917.0E-3
141.9998E-6,317.0E-3
141.9998E-6,717.0E-3
142.9998E-6,317.0E-3
142.9998E-6,917.0E-3
143.9998E-6,317.0E-3
143.9998E-6,717.0E-3
144.9998E-6,117.0E-3
144.9998E-6,717.0E-3
145.9998E-6,317.0E-3
145.9998E-6,917.0E-3
146.9998E-6,317.0E-3
146.9998E-6,717.0E-3
147.9998E-6,317.0E-3
147.9998E-6,717.0E-3
148.9998E-6,317.0E-3
148.9998E-6,717.0E-3
149.9998E-6,317.0E-3
149.9998E-6,717.0E-3
150.9998E-6,-9.683
150.9998E-6,717.0E-3
151.9998E-6,-9.683
151.9998E-6,-8.883
152.9997E-6,-9.483
152.9997E-6,-8.883
153.9997E-6,-9.283
153.9997E-6,-8.883
154.9997E-6,-9.283
154.9997E-6,-8.683
155.9997E-6,-9.083
155.9997E-6,-8.483
156.9997E-6,-9.083
156.9997E-6,-8.683
157.9997E-6,-9.083
157.9997E-6,-8.483
158.9997E-6,-8.883
158.9997E-6,-8.483
159.9997E-6,-8.883
159.9997E-6,-8.283
160.9997E-6,-8.683
160.9997E-6,-8.283
161.9997E-6,-8.683
161.9997E-6,-8.083
162.9997E-6,-8.483
162.9997E-6,-8.083
163.9997E-6,-8.483
163.9997E-6,-7.883
164.9997E-6,-8.483
164.9997E-6,-7.883
165.9997E-6,-8.283
165.9997E-6,-7.683
166.9996E-6,-8.283
166.9996E-6,-7.683
167.9996E-6,-8.083
167.9996E-6,-7.683
168.9996E-6,-8.083
168.9996E-6,-7.483
169.9996E-6,-8.083
169.9996E-6,-7.483
170.9996E-6,-7.883
170.9996E-6,-7.483
171.9996E-6,-7.883
171.9996E-6,-7.283
172.9996E-6,-7.683
172.9996E-6,-7.283
173.9996E-6,-7.683
173.9996E-6,-7.083
174.9996E-6,-7.683
174.9996E-6,-7.083
175.9996E-6,-7.683
175.9996E-6,-6.883
176.9996E-6,-7.483
176.9996E-6,-6.883
178.0000E-6,-7.483
178.0000E-6,-6.883
179.0000E-6,-7.283
179.0000E-6,-6.883
180.0000E-6,-7.283
180.0000E-6,-6.683
180.9999E-6,-7.083
180.9999E-6,-6.683
181.9999E-6,-7.083
181.9999E-6,-6.483
182.9999E-6,-6.883
182.9999E-6,-6.283
183.9999E-6,-6.883
183.9999E-6,-6.283
184.9999E-6,-6.883
184.9999E-6,-6.283
185.9999E-6,-6.883
185.9999E-6,-6.283
186.9999E-6,-6.683
186.9999E-6,-6.083
187.9999E-6,-6.683
187.9999E-6,-6.083
188.9999E-6,-6.483
188.9999E-6,-5.883
189.9999E-6,-6.483
189.9999E-6,-5.883
190.9999E-6,-6.483
190.9999E-6,-5.883
191.9999E-6,-6.283
191.9999E-6,-5.683
192.9999E-6,-6.283
192.9999E-6,-5.683
193.9999E-6,-6.283
193.9999E-6,-5.683
194.9998E-6,-6.083
194.9998E-6,-5.483
195.9998E-6,-6.083
195.9998E-6,-5.483
196.9998E-6,-6.083
196.9998E-6,-5.483
197.9998E-6,-5.883
197.9998E-6,-5.283
198.9998E-6,-5.883
198.9998E-6,-5.283
199.9998E-6,-5.683
199.9998E-6,-5.283
200.9998E-6,-5.683
200.9998E-6,-5.083
201.9998E-6,-5.683
201.9998E-6,-5.083
202.9998E-6,-5.483
202.9998E-6,-4.883
203.9998E-6,-5.483
203.9998E-6,-4.883
204.9998E-6,-5.483
204.9998E-6,-4.883
205.9998E-6,-5.483
205.9998E-6,-4.683
206.9998E-6,-5.283
206.9998E-6,-4.683
207.9998E-6,-5.283
207.9998E-6,-4.683
208.9997E-6,-5.083
208.9997E-6,-4.483
209.9997E-6,-5.083
209.9997E-6,-4.483
210.9997E-6,-5.083
210.9997E-6,-4.483
211.9997E-6,-4.883
211.9997E-6,-4.283
212.9997E-6,-4.883
212.9997E-6,-4.283
213.9997E-6,-4.883
213.9997E-6,-4.283
214.9997E-6,-4.683
214.9997E-6,-4.083
215.9997E-6,-4.683
215.9997E-6,-4.083
216.9997E-6,-4.483
216.9997E-6,-3.883
217.9997E-6,-4.483
217.9997E-6,-3.883
218.9997E-6,-4.483
218.9997E-6,-3.883
219.9997E-6,-4.283
219.9997E-6,-3.883
220.9997E-6,-4.283
220.9997E-6,-3.683
221.9997E-6,-4.283
221.9997E-6,-3.683
222.9997E-6,-4.083
222.9997E-6,-3.683
223.9997E-6,-4.083
223.9997E-6,-3.483
224.9996E-6,-4.083
224.9996E-6,-3.483
225.9996E-6,-3.883
225.9996E-6,-3.483
226.9996E-6,-3.883
226.9996E-6,-3.283
227.9996E-6,-3.883
227.9996E-6,-3.283
228.9996E-6,-3.683
228.9996E-6,-3.283
229.9996E-6,-3.683
229.9996E-6,-3.083
230.9996E-6,-3.683
230.9996E-6,-3.083
231.9996E-6,-3.683
231.9996E-6,-2.883
232.9996E-6,-3.483
232.9996E-6,-2.883
233.9996E-6,-3.483
233.9996E-6,-2.883
234.9996E-6,-3.483
234.9996E-6,-2.883
235.9996E-6,-3.483
235.9996E-6,-2.683
236.9996E-6,-3.283
236.9996E-6,-2.683
237.9996E-6,-3.283
237.9996E-6,-2.683
238.9995E-6,-3.283
238.9995E-6,-2.683
239.9995E-6,-3.083
239.9995E-6,-2.683
240.9995E-6,-3.083
240.9995E-6,-2.483
241.9995E-6,-2.883
241.9995E-6,-2.483
242.9995E-6,-2.883
242.9995E-6,-2.283
243.9995E-6,-2.883
243.9995E-6,-2.283
244.9995E-6,-2.883
244.9995E-6,-2.283
245.9995E-6,-2.683
245.9995E-6,-2.283
246.9995E-6,-2.683
246.9995E-6,-2.083
247.9995E-6,-2.683
247.9995E-6,-2.083
248.9996E-6,-2.683
248.9996E-6,-2.083
249.9996E-6,-2.683
249.9996E-6,-2.083
250.9996E-6,-2.483
250.9996E-6,-1.883
251.9996E-6,-2.483
251.9996E-6,-1.883
253.0000E-6,-2.283
253.0000E-6,-1.883
254.0000E-6,-2.283
254.0000E-6,-1.683
255.0000E-6,-2.283
255.0000E-6,-1.683
256.0000E-6,-2.283
256.0000E-6,-1.683
257.0000E-6,-2.283
257.0000E-6,-1.683
258.0000E-6,-2.283
258.0000E-6,-1.483
259.0000E-6,-2.083
259.0000E-6,-1.483
260.0000E-6,-2.083
260.0000E-6,-1.483
261.0000E-6,-1.883
261.0000E-6,-1.483
262.0000E-6,-1.883
262.0000E-6,-1.283
263.0000E-6,-1.883
263.0000E-6,-1.283
264.0000E-6,-1.683
264.0000E-6,-1.283
265.0001E-6,-1.883
265.0001E-6,-1.083
266.0001E-6,-1.683
266.0001E-6,-1.083
267.0001E-6,-1.683
267.0001E-6,-1.083
268.0001E-6,-1.683
268.0001E-6,-1.083
269.0001E-6,-1.483
269.0001E-6,-1.083
270.0001E-6,-1.483
270.0001E-6,-883.0E-3
271.0001E-6,-1.483
271.0001E-6,-883.0E-3
272.0001E-6,-1.283
272.0001E-6,-883.0E-3
273.0001E-6,-1.483
273.0001E-6,-883.0E-3
274.0001E-6,-1.283
274.0001E-6,-883.0E-3
275.0001E-6,-1.283
275.0001E-6,-683.0E-3
276.0001E-6,-1.083
276.0001E-6,-683.0E-3
277.0001E-6,-1.083
277.0001E-6,-683.0E-3
278.0002E-6,-1.083
278.0002E-6,-483.0E-3
279.0002E-6,-1.083
279.0002E-6,-483.0E-3
280.0002E-6,-1.083
280.0002E-6,-483.0E-3
281.0002E-6,-883.0E-3
281.0002E-6,-483.0E-3
282.0002E-6,-883.0E-3
282.0002E-6,-283.0E-3
283.0002E-6,-883.0E-3
283.0002E-6,-283.0E-3
284.0002E-6,-883.0E-3
284.0002E-6,-283.0E-3
285.0002E-6,-683.0E-3
285.0002E-6,-283.0E-3
286.0002E-6,-683.0E-3
286.0002E-6,-83.02E-3
287.0002E-6,-683.0E-3
287.0002E-6,-83.02E-3
288.0002E-6,-683.0E-3
288.0002E-6,-83.02E-3
289.0002E-6,-683.0E-3
289.0002E-6,-83.02E-3
290.0002E-6,-483.0E-3
290.0002E-6,-83.02E-3
291.0002E-6,-483.0E-3
291.0002E-6,-83.02E-3
292.0003E-6,-483.0E-3
292.0003E-6,117.0E-3
293.0003E-6,-283.0E-3
293.0003E-6,117.0E-3
294.0003E-6,-283.0E-3
294.0003E-6,317.0E-3
295.0003E-6,-283.0E-3
295.0003E-6,317.0E-3
296.0003E-6,-283.0E-3
296.0003E-6,317.0E-3
297.0003E-6,-283.0E-3
297.0003E-6,317.0E-3
298.0003E-6,-283.0E-3
298.0003E-6,317.0E-3
299.0003E-6,-83.02E-3
299.0003E-6,317.0E-3
300.0003E-6,-83.02E-3
300.0003E-6,517.0E-3
301.0003E-6,-83.02E-3
301.0003E-6,517.0E-3
302.0003E-6,-83.02E-3
302.0003E-6,517.0E-3
303.0003E-6,117.0E-3
303.0003E-6,717.0E-3
304.0003E-6,117.0E-3
304.0003E-6,717.0E-3
305.0004E-6,117.0E-3
305.0004E-6,917.0E-3
306.0004E-6,317.0E-3
306.0004E-6,917.0E-3
307.0004E-6,317.0E-3
307.0004E-6,917.0E-3
308.0004E-6,317.0E-3
308.0004E-6,917.0E-3
309.0004E-6,317.0E-3
309.0004E-6,917.0E-3
310.0004E-6,317.0E-3
310.0004E-6,917.0E-3
311.0004E-6,317.0E-3
311.0004E-6,917.0E-3
312.0004E-6,317.0E-3
312.0004E-6,917.0E-3
313.0004E-6,317.0E-3
313.0004E-6,717.0E-3
314.0004E-6,317.0E-3
314.0004E-6,917.0E-3
315.0004E-6,317.0E-3
315.0004E-6,917.0E-3
316.0004E-6,317.0E-3
316.0004E-6,917.0E-3
317.0004E-6,317.0E-3
317.0004E-6,917.0E-3
318.0005E-6,317.0E-3
318.0005E-6,917.0E-3
319.0005E-6,317.0E-3
319.0005E-6,917.0E-3
320.0005E-6,317.0E-3
320.0005E-6,917.0E-3
321.0005E-6,317.0E-3
321.0005E-6,917.0E-3
322.0000E-6,317.0E-3
322.0000E-6,917.0E-3
323.0000E-6,317.0E-3
323.0000E-6,717.0E-3
324.0000E-6,317.0E-3
324.0000E-6,717.0E-3
325.0000E-6,317.0E-3
325.0000E-6,717.0E-3
326.0000E-6,317.0E-3
326.0000E-6,717.0E-3
327.0000E-6,317.0E-3
327.0000E-6,717.0E-3
328.0000E-6,317.0E-3
328.0000E-6,917.0E-3
329.0000E-6,317.0E-3
329.0000E-6,717.0E-3
330.0000E-6,317.0E-3
330.0000E-6,917.0E-3
331.0000E-6,317.0E-3
331.0000E-6,717.0E-3
332.0000E-6,317.0E-3
332.0000E-6,717.0E-3
333.0000E-6,317.0E-3
333.0000E-6,917.0E-3
334.0001E-6,317.0E-3
334.0001E-6,917.0E-3
335.0001E-6,317.0E-3
335.0001E-6,917.0E-3
336.0001E-6,317.0E-3
336.0001E-6,917.0E-3
337.0001E-6,317.0E-3
337.0001E-6,917.0E-3
338.0001E-6,317.0E-3
338.0001E-6,917.0E-3
339.0001E-6,317.0E-3
339.0001E-6,917.0E-3
340.0001E-6,317.0E-3
340.0001E-6,717.0E-3
341.0001E-6,317.0E-3
341.0001E-6,717.0E-3
342.0001E-6,317.0E-3
342.0001E-6,917.0E-3
343.0001E-6,317.0E-3
343.0001E-6,717.0E-3
344.0001E-6,317.0E-3
344.0001E-6,717.0E-3
345.0001E-6,317.0E-3
345.0001E-6,717.0E-3
346.0001E-6,317.0E-3
346.0001E-6,717.0E-3
347.0002E-6,317.0E-3
347.0002E-6,917.0E-3
348.0002E-6,317.0E-3
348.0002E-6,717.0E-3
349.0002E-6,317.0E-3
349.0002E-6,717.0E-3
350.0002E-6,117.0E-3
350.0002E-6,917.0E-3
351.0002E-6,317.0E-3
351.0002E-6,717.0E-3
352.0002E-6,317.0E-3
352.0002E-6,717.0E-3
353.0002E-6,317.0E-3
353.0002E-6,717.0E-3
354.0002E-6,317.0E-3
354.0002E-6,717.0E-3
355.0002E-6,317.0E-3
355.0002E-6,917.0E-3
356.0002E-6,317.0E-3
356.0002E-6,717.0E-3
357.0002E-6,317.0E-3
357.0002E-6,717.0E-3
358.0002E-6,317.0E-3
358.0002E-6,717.0E-3
359.0002E-6,317.0E-3
359.0002E-6,717.0E-3
360.0003E-6,317.0E-3
360.0003E-6,717.0E-3
361.0003E-6,317.0E-3
361.0003E-6,917.0E-3
362.0003E-6,317.0E-3
362.0003E-6,717.0E-3
363.0003E-6,317.0E-3
363.0003E-6,917.0E-3
364.0003E-6,317.0E-3
364.0003E-6,717.0E-3
365.0003E-6,317.0E-3
365.0003E-6,717.0E-3
366.0003E-6,317.0E-3
366.0003E-6,917.0E-3
367.0003E-6,317.0E-3
367.0003E-6,717.0E-3
368.0003E-6,317.0E-3
368.0003E-6,717.0E-3
369.0003E-6,317.0E-3
369.0003E-6,717.0E-3
370.0003E-6,317.0E-3
370.0003E-6,917.0E-3
371.0003E-6,317.0E-3
371.0003E-6,717.0E-3
372.0003E-6,117.0E-3
372.0003E-6,717.0E-3
373.0003E-6,317.0E-3
373.0003E-6,717.0E-3
374.0004E-6,317.0E-3
374.0004E-6,717.0E-3
375.0004E-6,317.0E-3
375.0004E-6,917.0E-3
376.0004E-6,317.0E-3
376.0004E-6,717.0E-3
377.0004E-6,317.0E-3
377.0004E-6,717.0E-3
378.0004E-6,317.0E-3
378.0004E-6,717.0E-3
379.0004E-6,317.0E-3
379.0004E-6,717.0E-3
380.0004E-6,317.0E-3
380.0004E-6,717.0E-3
381.0004E-6,317.0E-3
381.0004E-6,717.0E-3
382.0004E-6,317.0E-3
382.0004E-6,717.0E-3
383.0004E-6,117.0E-3
383.0004E-6,717.0E-3
384.0004E-6,317.0E-3
384.0004E-6,717.0E-3
385.0004E-6,317.0E-3
385.0004E-6,717.0E-3
386.0004E-6,117.0E-3
386.0004E-6,717.0E-3
387.0005E-6,317.0E-3
387.0005E-6,917.0E-3
388.0005E-6,317.0E-3
388.0005E-6,717.0E-3
389.0005E-6,117.0E-3
389.0005E-6,717.0E-3
390.0000E-6,317.0E-3
390.0000E-6,717.0E-3
391.0000E-6,317.0E-3
391.0000E-6,917.0E-3
392.0000E-6,317.0E-3
392.0000E-6,717.0E-3
393.0000E-6,317.0E-3
393.0000E-6,717.0E-3
394.0000E-6,317.0E-3
394.0000E-6,717.0E-3
395.0000E-6,117.0E-3
395.0000E-6,917.0E-3
396.0000E-6,317.0E-3
396.0000E-6,717.0E-3
397.0000E-6,317.0E-3
397.0000E-6,717.0E-3
398.0000E-6,317.0E-3
398.0000E-6,717.0E-3
399.0000E-6,317.0E-3
399.0000E-6,717.0E-3
400.0000E-6,317.0E-3
400.0000E-6,717.0E-3
401.0000E-6,317.0E-3
401.0000E-6,717.0E-3
402.0000E-6,317.0E-3
402.0000E-6,917.0E-3
403.0001E-6,317.0E-3
403.0001E-6,917.0E-3
404.0001E-6,317.0E-3
404.0001E-6,717.0E-3
405.0001E-6,117.0E-3
405.0001E-6,717.0E-3
406.0001E-6,317.0E-3
406.0001E-6,917.0E-3
407.0001E-6,317.0E-3
407.0001E-6,917.0E-3
408.0001E-6,317.0E-3
408.0001E-6,717.0E-3
409.0001E-6,317.0E-3
409.0001E-6,717.0E-3
410.0001E-6,317.0E-3
410.0001E-6,917.0E-3
411.0001E-6,317.0E-3
411.0001E-6,717.0E-3
412.0001E-6,317.0E-3
412.0001E-6,717.0E-3
413.0001E-6,317.0E-3
413.0001E-6,717.0E-3
414.0001E-6,317.0E-3
414.0001E-6,717.0E-3
415.0001E-6,317.0E-3
415.0001E-6,717.0E-3
416.0002E-6,317.0E-3
416.0002E-6,917.0E-3
417.0002E-6,317.0E-3
417.0002E-6,717.0E-3
418.0002E-6,317.0E-3
418.0002E-6,717.0E-3
419.0002E-6,317.0E-3
419.0002E-6,717.0E-3
420.0002E-6,317.0E-3
420.0002E-6,717.0E-3
421.0002E-6,317.0E-3
421.0002E-6,717.0E-3
422.0002E-6,317.0E-3
422.0002E-6,717.0E-3
423.0002E-6,317.0E-3
423.0002E-6,917.0E-3
424.0002E-6,317.0E-3
424.0002E-6,717.0E-3
425.0002E-6,317.0E-3
425.0002E-6,917.0E-3
426.0002E-6,317.0E-3
426.0002E-6,717.0E-3
427.0002E-6,317.0E-3
427.0002E-6,717.0E-3
428.0003E-6,117.0E-3
428.0003E-6,717.0E-3
429.0003E-6,117.0E-3
429.0003E-6,717.0E-3
430.0003E-6,317.0E-3
430.0003E-6,717.0E-3
431.0003E-6,317.0E-3
431.0003E-6,917.0E-3
432.0003E-6,317.0E-3
432.0003E-6,717.0E-3
433.0003E-6,317.0E-3
433.0003E-6,717.0E-3
434.0003E-6,317.0E-3
434.0003E-6,917.0E-3
435.0003E-6,317.0E-3
435.0003E-6,717.0E-3
436.0003E-6,317.0E-3
436.0003E-6,717.0E-3
437.0003E-6,317.0E-3
437.0003E-6,917.0E-3
438.0003E-6,317.0E-3
438.0003E-6,717.0E-3
439.0003E-6,117.0E-3
439.0003E-6,717.0E-3
440.0003E-6,317.0E-3
440.0003E-6,717.0E-3
441.0004E-6,317.0E-3
441.0004E-6,717.0E-3
442.0004E-6,317.0E-3
442.0004E-6,717.0E-3
443.0004E-6,317.0E-3
443.0004E-6,917.0E-3
444.0004E-6,317.0E-3
444.0004E-6,717.0E-3
445.0004E-6,317.0E-3
445.0004E-6,717.0E-3
446.0004E-6,317.0E-3
446.0004E-6,717.0E-3
447.0004E-6,317.0E-3
447.0004E-6,717.0E-3
448.0004E-6,117.0E-3
448.0004E-6,717.0E-3
449.0004E-6,317.0E-3
449.0004E-6,717.0E-3
450.0004E-6,317.0E-3
450.0004E-6,717.0E-3
451.0004E-6,317.0E-3
451.0004E-6,717.0E-3
452.0004E-6,317.0E-3
452.0004E-6,717.0E-3
453.0004E-6,317.0E-3
453.0004E-6,717.0E-3
454.0005E-6,117.0E-3
454.0005E-6,717.0E-3
455.0005E-6,317.0E-3
455.0005E-6,717.0E-3
456.0005E-6,317.0E-3
456.0005E-6,717.0E-3
457.0005E-6,-9.683
457.0005E-6,717.0E-3
458.0000E-6,-9.483
458.0000E-6,-9.083
459.0000E-6,-9.483
459.0000E-6,-8.883
460.0000E-6,-9.283
460.0000E-6,-8.883
461.0000E-6,-9.283
461.0000E-6,-8.683
462.0000E-6,-9.083
462.0000E-6,-8.683
463.0000E-6,-9.083
463.0000E-6,-8.483
464.0000E-6,-8.883
464.0000E-6,-8.483
465.0000E-6,-8.883
465.0000E-6,-8.483
466.0000E-6,-8.683
466.0000E-6,-8.283
467.0000E-6,-8.683
467.0000E-6,-8.283
468.0000E-6,-8.683
468.0000E-6,-8.083
469.0000E-6,-8.683
469.0000E-6,-8.083
470.0001E-6,-8.483
470.0001E-6,-8.083
471.0001E-6,-8.283
471.0001E-6,-7.883
472.0001E-6,-8.283
472.0001E-6,-7.683
473.0001E-6,-8.283
473.0001E-6,-7.683
474.0001E-6,-8.083
474.0001E-6,-7.483
475.0001E-6,-8.083
475.0001E-6,-7.483
476.0001E-6,-8.083
476.0001E-6,-7.483
477.0001E-6,-7.883
477.0001E-6,-7.483
478.0001E-6,-7.883
478.0001E-6,-7.283
479.0001E-6,-7.683
479.0001E-6,-7.283
480.0001E-6,-7.683
480.0001E-6,-7.083
481.0001E-6,-7.483
481.0001E-6,-7.083
482.0001E-6,-7.483
482.0001E-6,-7.083
483.0002E-6,-7.483
483.0002E-6,-6.883
484.0002E-6,-7.483
484.0002E-6,-6.883
485.0002E-6,-7.283
485.0002E-6,-6.683
486.0002E-6,-7.283
486.0002E-6,-6.683
487.0002E-6,-7.083
487.0002E-6,-6.683
488.0002E-6,-7.083
488.0002E-6,-6.483
489.0002E-6,-7.083
489.0002E-6,-6.283
490.0002E-6,-6.883
490.0002E-6,-6.483
491.0002E-6,-6.883
491.0002E-6,-6.283
492.0002E-6,-6.883
492.0002E-6,-6.283
493.0002E-6,-6.683
493.0002E-6,-6.083
494.0002E-6,-6.683
494.0002E-6,-6.083
495.0002E-6,-6.483
495.0002E-6,-6.083
496.0003E-6,-6.483
496.0003E-6,-5.883
497.0003E-6,-6.283
497.0003E-6,-5.683
498.0003E-6,-6.283
498.0003E-6,-5.683
499.0003E-6,-6.283
499.0003E-6,-5.683